<project xmlns="http://maven.apache.org/POM/4.0.0" xmlns:xsi="http://www.w3.org/2001/XMLSchema-instance"
	xsi:schemaLocation="http://maven.apache.org/POM/4.0.0 http://maven.apache.org/xsd/maven-4.0.0.xsd">
	<modelVersion>4.0.0</modelVersion>

	<groupId>aly.kafka.play</groupId>
	<artifactId>aly.kafka.play</artifactId>
	<version>0.0.1-SNAPSHOT</version>
	<packaging>jar</packaging>

	<name>aly.kafka.play</name>
	<url>http://maven.apache.org</url>
	<properties>
		<project.build.sourceEncoding>UTF-8</project.build.sourceEncoding>
		<jdkLevel>1.7</jdkLevel>
	</properties>

	<build>
		<plugins>
			<plugin>
				<groupId>org.apache.maven.plugins</groupId>
				<artifactId>maven-compiler-plugin</artifactId>
				<version>3.2</version>
				<configuration>
					<source>${jdkLevel}</source>
					<target>${jdkLevel}</target>
				</configuration>
			</plugin>
			<plugin>
				<groupId>org.apache.maven.plugins</groupId>
				<artifactId>maven-eclipse-plugin</artifactId>
				<configuration>
					<source>${jdkLevel}</source>
					<target>${jdkLevel}</target>
					<showDeprecation>true</showDeprecation>
					<showWarnings>true</showWarnings>
					<downloadSources>true</downloadSources>
					<downloadJavadocs>true</downloadJavadocs>
				</configuration>
			</plugin>
			<plugin>
				<groupId>org.apache.avro</groupId>
				<artifactId>avro-maven-plugin</artifactId>
				<version>1.7.7</version>
				<executions>
					<execution>
						<phase>generate-sources</phase>
						<goals>
							<goal>schema</goal>
						</goals>
						<configuration>
							<sourceDirectory>${project.basedir}/src/main/avro/</sourceDirectory>
							<outputDirectory>${project.basedir}/src/main/java/</outputDirectory>
						</configuration>
					</execution>
				</executions>
			</plugin>
		</plugins>
	</build>

	<repositories>
		<repository>
			<id>org.apache.kafka</id>
			<url>http://mvnrepository.com/artifact/org.apache.kafka/</url>
		</repository>
	</repositories>

	<dependencies>
		<dependency>
			<groupId>junit</groupId>
			<artifactId>junit</artifactId>
			<version>4.8.2</version>
			<scope>test</scope>
		</dependency>
		<dependency>
			<groupId>org.apache.kafka</groupId>
			<artifactId>kafka_2.10</artifactId>
			<version>0.8.2.0</version>
			<scope>compile</scope>
			<exclusions>
				<exclusion>
					<artifactId>jmxri</artifactId>
					<groupId>com.sun.jmx</groupId>
				</exclusion>
				<exclusion>
					<artifactId>jms</artifactId>
					<groupId>javax.jms</groupId>
				</exclusion>
				<exclusion>
					<artifactId>jmxtools</artifactId>
					<groupId>com.sun.jdmk</groupId>
				</exclusion>
			</exclusions>
		</dependency>
		<dependency>
			<groupId>org.apache.kafka</groupId>
			<artifactId>kafka-clients</artifactId>
			<version>0.8.2.0</version>
		</dependency>
		<dependency>
			<groupId>vertica</groupId>
			<artifactId>vertica-jdbc</artifactId>
			<version>4.0.19</version>
		</dependency>
		<dependency>
			<groupId>org.apache.avro</groupId>
			<artifactId>avro</artifactId>
			<version>1.7.7</version>
		</dependency>
	</dependencies>

</project>
